breed,name,price,location
Belgian Malinois Puppy,Ruby,$1500.00,New Holland,PA
Belgian Malinois Puppy,Meek,$1700.00,Gap,PA
Belgian Malinois Puppy,Alicia,$700.00,Myerstown,PA
Belgian Malinois Puppy,Simba,$800.00,Honey Brook,PA
Belgian Malinois Puppy,Sarge,$800.00,Honey Brook,PA
Belgian Malinois Puppy,Abbott,$850.00,Myerstown,PA
Belgian Malinois Puppy,Kayleen,$1150.00,Narvon,PA
Belgian Malinois Puppy,Alisha,$1500.00,Honey Brook,PA
Belgian Malinois Puppy,Sparkle,$800.00,Honey Brook,PA
Belgian Malinois Puppy,Radar,$1500.00,New Holland,PA
Belgian Malinois Puppy,Skye,$800.00,Honey Brook,PA
Belgian Malinois Puppy,Avery,$1500.00,Honey Brook,PA
Belgian Malinois Puppy,Denise,$650.00,Laredo,TX
Belgian Malinois Puppy,Milly,$1700.00,Gap,PA
Belgian Malinois Puppy,Arnie,$1500.00,Honey Brook,PA
Belgian Malinois Puppy,Abby,$1500.00,Honey Brook,PA
Belgian Malinois Puppy,Apollo,$1500.00,Honey Brook,PA
Belgian Malinois Puppy,Mini,$1900.00,Gap,PA
Belgian Malinois Puppy,Simba,$1495.00,Wayne,NJ
Belgian Malinois Puppy,Marlee,$850.00,Honey Brook,PA
Belgian Malinois Puppy,Spice,$800.00,Honey Brook,PA
Belgian Malinois Puppy,Moose,$1700.00,Gap,PA
Belgian Malinois Puppy,Brie,$600.00,Lebanon,PA
Belgian Malinois Puppy,Strike,$800.00,Honey Brook,PA
Belgian Malinois Puppy,Dixie,$500.00,Morgantown,PA
Belgian Malinois Puppy,Kendi,$1150.00,Narvon,PA
Belgian Malinois Puppy,Nala,$1495.00,Wayne,NJ
Belgian Malinois Puppy,Splash,$800.00,Honey Brook,PA
Belgian Malinois Puppy,Bailey,$600.00,Lebanon,PA
Belgian Malinois Puppy,Serena,$800.00,Honey Brook,PA
Belgian Malinois Puppy,Darla,$500.00,Morgantown,PA
Belgian Malinois Puppy,Delta,$500.00,Morgantown,PA
Belgian Malinois Puppy,Sarabi,$1495.00,Wayne,NJ
Belgian Malinois Puppy,Amber,$1500.00,Honey Brook,PA
Belgian Malinois Puppy,Diva,$500.00,Morgantown,PA
Belgian Malinois Puppy,Sarafina,$1495.00,Wayne,NJ
Belgian Malinois Puppy,Maverick,$1700.00,Gap,PA
Belgian Malinois Puppy,Special,$800.00,Honey Brook,PA
Belgian Malinois Puppy,Ace,$1500.00,Honey Brook,PA
Belgian Malinois Puppy,Allie,$1500.00,Honey Brook,PA
